{"accuracy": [0.44805464148521423, 0.7117433547973633, 0.7974251508712769, 0.8444554805755615, 0.876235842704773, 0.8980581760406494, 0.9154278635978699, 0.9276620149612427, 0.9375631213188171, 0.9462692737579346], "loss": [1.9790995121002197, 0.9562988877296448, 0.6616197824478149, 0.4938139021396637, 0.3913090229034424, 0.3194781541824341, 0.26223111152648926, 0.2220698446035385, 0.18804232776165009, 0.16230055689811707], "val_accuracy": [0.7288299798965454, 0.8223309516906738, 0.8697359561920166, 0.8922148942947388, 0.9147507548332214, 0.9263032078742981, 0.9310266375541687, 0.9370020627975464, 0.9424083828926086, 0.9432051181793213], "val_loss": [0.9396786689758301, 0.5962947607040405, 0.44009149074554443, 0.35487985610961914, 0.27940669655799866, 0.24231882393360138, 0.21444450318813324, 0.20247717201709747, 0.18351416289806366, 0.17461547255516052]}